vendor_code,vendor_name,vendor_country,vendor_type
V0001,Apex Industries,Turkey,Supplier
V0002,Dynamic Industries,China,Contractor
V0003,Future Engineering,France,Contractor
V0004,Prime Group,Saudi Arabia,Supplier
V0005,Elite International,Italy,Supplier
V0006,Dynamic Holdings,Qatar,Contractor
V0007,Universal Engineering,Japan,Contractor
V0008,Atlas Holdings,Canada,Supplier
V0009,Infinity Corporation,UAE,Supplier
V0010,United Technologies,Spain,Contractor
V0011,Advanced Industries,Australia,Supplier
V0012,Pioneer Engineering,UK,Supplier
V0013,NextGen Holdings,Italy,Supplier
V0014,Prime Solutions,South Korea,Contractor
V0015,Elite Solutions,Turkey,Supplier
V0016,Advanced Technologies,UK,Supplier
V0017,Vertex Engineering,Singapore,Contractor
V0018,Advanced Technologies,Netherlands,Contractor
V0019,Future Holdings,France,Supplier
V0020,Infinity Services,Saudi Arabia,Supplier
V0021,Nova Industries,India,Supplier
V0022,National International,Italy,Supplier
V0023,Nova International,South Korea,Contractor
V0024,Prime Corporation,Canada,Contractor
V0025,Global International,India,Contractor
V0026,Apex Group,Singapore,Contractor
V0027,Infinity Enterprises,Turkey,Supplier
V0028,Atlas Enterprises,Saudi Arabia,Supplier
V0029,Dynamic Engineering,USA,Contractor
V0030,Universal Holdings,India,Supplier
V0031,United Corporation,USA,Contractor
V0032,Universal Corporation,Malaysia,Contractor
V0033,Nova Technologies,Malaysia,Contractor
V0034,Advanced Enterprises,Singapore,Contractor
V0035,Nova Systems,International,Supplier
V0036,Dynamic Logistics,Spain,Supplier
V0037,United Logistics,Australia,Contractor
V0038,Advanced Holdings,Singapore,Contractor
V0039,Vertex Corporation,USA,Supplier
V0040,Pioneer Solutions,China,Supplier
V0041,Nova International,China,Supplier
V0042,Future Engineering,Saudi Arabia,Supplier
V0043,Dynamic Services,Malaysia,Contractor
V0044,NextGen Services,International,Supplier
V0045,NextGen International,France,Supplier
V0046,National Solutions,UK,Supplier
V0047,Prime Solutions,Singapore,Supplier
V0048,Global Logistics,China,Contractor
V0049,Prime International,Australia,Supplier
V0050,Universal Services,Netherlands,Contractor
V0051,Prime Logistics,Germany,Contractor
V0052,National Solutions,India,Contractor
V0053,NextGen Engineering,Australia,Contractor
V0054,United Group,Canada,Supplier
V0055,Elite Services,Germany,Supplier
V0056,Apex Logistics,Canada,Supplier
V0057,Advanced Technologies,Saudi Arabia,Contractor
V0058,Future Industries,Singapore,Contractor
V0059,Infinity International,UK,Contractor
V0060,NextGen Services,Japan,Contractor
V0061,Global Industries,Turkey,Supplier
V0062,Advanced International,Canada,Contractor
V0063,Pioneer Enterprises,UAE,Contractor
V0064,Apex Logistics,Italy,Contractor
V0065,Pioneer Technologies,Turkey,Contractor
V0066,National Corporation,Malaysia,Supplier
V0067,United International,India,Supplier
V0068,Pioneer Group,France,Contractor
V0069,Prime Enterprises,Germany,Contractor
V0070,National Holdings,South Korea,Contractor
V0071,National Technologies,China,Supplier
V0072,Elite Solutions,International,Supplier
V0073,Future Corporation,Spain,Supplier
V0074,Vertex International,USA,Contractor
V0075,Infinity Logistics,Italy,Contractor
V0076,Apex Enterprises,Turkey,Supplier
V0077,Elite Systems,UK,Supplier
V0078,Elite Group,Italy,Contractor
V0079,Atlas Technologies,Spain,Contractor
V0080,NextGen Engineering,Germany,Supplier
V0081,Pioneer Technologies,Qatar,Contractor
V0082,Dynamic Solutions,France,Contractor
V0083,Pioneer Enterprises,Spain,Supplier
V0084,Global Services,UAE,Contractor
V0085,Infinity International,UAE,Supplier
V0086,Dynamic Industries,USA,Supplier
V0087,Pioneer Technologies,International,Contractor
V0088,Pioneer Corporation,UAE,Contractor
V0089,Vertex Enterprises,Malaysia,Supplier
V0090,Future Technologies,India,Contractor
V0091,Elite Industries,Turkey,Supplier
V0092,Pioneer Industries,China,Supplier
V0093,Elite Systems,Spain,Supplier
V0094,Apex Technologies,UAE,Contractor
V0095,Global International,Canada,Contractor
V0096,Prime Enterprises,Malaysia,Contractor
V0097,Universal Group,Australia,Contractor
V0098,Nova Services,Saudi Arabia,Contractor
V0099,United Enterprises,China,Contractor
V0100,Advanced Industries,Malaysia,Supplier
V0101,Global Technologies,Qatar,Supplier
V0102,Elite Engineering,UAE,Supplier
V0103,Apex Services,Japan,Supplier
V0104,Prime Technologies,Spain,Supplier
V0105,NextGen Services,France,Contractor
V0106,National Industries,Singapore,Contractor
V0107,Apex Enterprises,Canada,Contractor
V0108,Global Holdings,UAE,Supplier
V0109,Prime International,Italy,Contractor
V0110,Atlas Systems,Qatar,Contractor
V0111,United Corporation,Malaysia,Supplier
V0112,Advanced Industries,Spain,Contractor
V0113,Nova Engineering,UK,Contractor
V0114,Advanced Engineering,Australia,Contractor
V0115,Global Engineering,USA,Contractor
V0116,Atlas Systems,Germany,Contractor
V0117,National Solutions,Germany,Contractor
V0118,Pioneer Holdings,France,Supplier
V0119,Infinity Services,China,Contractor
V0120,Nova Holdings,India,Contractor
V0121,Advanced Systems,Canada,Contractor
V0122,Universal International,India,Supplier
V0123,Nova Logistics,Canada,Supplier
V0124,Future Group,International,Supplier
V0125,Elite Systems,USA,Contractor
V0126,NextGen Technologies,India,Supplier
V0127,Apex Systems,India,Contractor
V0128,Infinity Group,International,Supplier
V0129,Nova Technologies,Qatar,Contractor
V0130,Pioneer Corporation,China,Contractor
V0131,National Industries,International,Contractor
V0132,Apex International,Singapore,Contractor
V0133,Nova Engineering,France,Supplier
V0134,Prime Holdings,Italy,Contractor
V0135,Vertex Corporation,Germany,Contractor
V0136,Infinity Logistics,UK,Contractor
V0137,Atlas Industries,USA,Contractor
V0138,Global Enterprises,Netherlands,Supplier
V0139,NextGen International,Italy,Contractor
V0140,Global Group,South Korea,Contractor
V0141,Pioneer Systems,Singapore,Supplier
V0142,Pioneer Engineering,Germany,Supplier
V0143,Apex Group,Malaysia,Supplier
V0144,Advanced Industries,Italy,Supplier
V0145,Dynamic Industries,France,Supplier
V0146,Elite Engineering,Saudi Arabia,Contractor
V0147,Atlas Solutions,Qatar,Contractor
V0148,Vertex International,Japan,Contractor
V0149,Pioneer Logistics,Italy,Contractor
V0150,Prime Services,Malaysia,Supplier
V0151,Prime International,South Korea,Contractor
V0152,United Holdings,South Korea,Contractor
V0153,Universal Enterprises,India,Contractor
V0154,Prime International,Malaysia,Supplier
V0155,Prime Enterprises,Italy,Supplier
V0156,Elite Technologies,Germany,Supplier
V0157,Apex Holdings,UAE,Supplier
V0158,Elite Logistics,Japan,Contractor
V0159,NextGen Logistics,International,Contractor
V0160,Atlas Industries,UK,Supplier
V0161,Apex Logistics,South Korea,Supplier
V0162,NextGen Industries,Japan,Contractor
V0163,Pioneer Holdings,South Korea,Contractor
V0164,Advanced Enterprises,Germany,Contractor
V0165,Dynamic Systems,Japan,Supplier
V0166,Atlas Technologies,South Korea,Contractor
V0167,Dynamic Holdings,Malaysia,Contractor
V0168,Infinity Technologies,France,Contractor
V0169,Elite Industries,Qatar,Supplier
V0170,Future Industries,Germany,Contractor
V0171,Future Industries,Australia,Supplier
V0172,United Technologies,India,Supplier
V0173,Advanced Logistics,Australia,Supplier
V0174,United Systems,China,Supplier
V0175,Apex Group,UK,Supplier
V0176,Advanced Holdings,Japan,Contractor
V0177,Universal Solutions,India,Supplier
V0178,Pioneer Industries,Qatar,Supplier
V0179,Atlas Systems,Canada,Contractor
V0180,Universal Logistics,Australia,Supplier
V0181,NextGen Group,Spain,Contractor
V0182,Pioneer Technologies,Canada,Supplier
V0183,Vertex Group,USA,Contractor
V0184,Global Holdings,Italy,Contractor
V0185,Atlas Corporation,India,Contractor
V0186,Pioneer Industries,Australia,Supplier
V0187,Advanced International,Canada,Contractor
V0188,Prime International,UK,Contractor
V0189,Vertex Group,China,Supplier
V0190,Infinity Services,Singapore,Contractor
V0191,Dynamic Industries,Netherlands,Supplier
V0192,Nova Systems,China,Supplier
V0193,Prime Group,International,Contractor
V0194,Future Industries,Turkey,Contractor
V0195,National Logistics,Turkey,Supplier
V0196,Future Enterprises,Germany,Contractor
V0197,Atlas Services,Canada,Supplier
V0198,NextGen Technologies,Qatar,Contractor
V0199,Global Services,Germany,Supplier
V0200,Vertex Holdings,India,Supplier
V0201,United Industries,South Korea,Contractor
V0202,Universal Corporation,UAE,Supplier
V0203,Universal Holdings,India,Contractor
V0204,Elite Industries,USA,Contractor
V0205,Nova Group,Australia,Supplier
V0206,NextGen Group,Saudi Arabia,Supplier
V0207,Advanced Logistics,Germany,Contractor
V0208,Universal Group,UK,Contractor
V0209,NextGen Group,Canada,Contractor
V0210,Vertex Logistics,Canada,Supplier
V0211,Vertex Logistics,South Korea,Contractor
V0212,Apex Services,South Korea,Supplier
V0213,Universal Industries,Malaysia,Supplier
V0214,Infinity Engineering,Netherlands,Contractor
V0215,Vertex Solutions,Italy,Contractor
V0216,United Group,Spain,Supplier
V0217,Global Systems,UAE,Supplier
V0218,Pioneer Systems,Singapore,Contractor
V0219,Future Group,Malaysia,Supplier
V0220,Infinity Corporation,Australia,Contractor
V0221,Vertex Group,Italy,Supplier
V0222,NextGen Technologies,Turkey,Contractor
V0223,Pioneer Group,International,Supplier
V0224,National Systems,Turkey,Supplier
V0225,National Logistics,Singapore,Supplier
V0226,National Services,Germany,Contractor
V0227,Atlas Holdings,International,Contractor
V0228,Atlas Solutions,UAE,Supplier
V0229,NextGen Holdings,USA,Contractor
V0230,Universal Services,France,Contractor
V0231,Vertex Group,Germany,Supplier
V0232,Infinity Engineering,Netherlands,Supplier
V0233,NextGen Technologies,Italy,Supplier
V0234,Future Engineering,UAE,Supplier
V0235,Pioneer Solutions,Japan,Supplier
V0236,Elite Industries,Saudi Arabia,Supplier
V0237,United Technologies,International,Supplier
V0238,Dynamic Group,France,Contractor
V0239,Atlas Engineering,China,Contractor
V0240,Nova Group,Germany,Contractor
V0241,United Group,UAE,Supplier
V0242,United Technologies,South Korea,Supplier
V0243,United Industries,Japan,Supplier
V0244,Universal Corporation,Germany,Supplier
V0245,Vertex Holdings,South Korea,Contractor
V0246,Universal Systems,Turkey,Contractor
V0247,Nova Technologies,France,Supplier
V0248,Dynamic Industries,UK,Supplier
V0249,National Corporation,India,Supplier
V0250,Universal Holdings,Italy,Contractor
V0251,Vertex Engineering,Turkey,Contractor
V0252,Elite Enterprises,South Korea,Supplier
V0253,United Corporation,Malaysia,Supplier
V0254,Advanced Holdings,Singapore,Contractor
V0255,Elite Technologies,Malaysia,Contractor
V0256,Global Group,International,Contractor
V0257,National Holdings,Turkey,Supplier
V0258,Nova Engineering,UK,Contractor
V0259,United Engineering,International,Supplier
V0260,Global Services,Germany,Supplier
V0261,Apex Systems,India,Contractor
V0262,Vertex Systems,India,Contractor
V0263,Universal Engineering,India,Contractor
V0264,United Services,USA,Contractor
V0265,Future Industries,Singapore,Contractor
V0266,Global Engineering,Qatar,Contractor
V0267,Future International,Germany,Contractor
V0268,Infinity Holdings,Canada,Supplier
V0269,Elite Technologies,UAE,Contractor
V0270,United Engineering,International,Supplier
V0271,Nova Industries,Malaysia,Contractor
V0272,Global Systems,India,Contractor
V0273,United Technologies,International,Supplier
V0274,Universal Corporation,Australia,Contractor
V0275,Future Industries,Germany,Contractor
V0276,NextGen Solutions,Germany,Contractor
V0277,United International,UAE,Contractor
V0278,Infinity Technologies,China,Contractor
V0279,Infinity Corporation,Spain,Supplier
V0280,Universal International,South Korea,Supplier
V0281,Advanced Systems,Singapore,Contractor
V0282,Global Systems,USA,Contractor
V0283,Pioneer Holdings,Saudi Arabia,Supplier
V0284,Prime Industries,Singapore,Supplier
V0285,Universal Logistics,Saudi Arabia,Supplier
V0286,Atlas International,Spain,Supplier
V0287,Future Enterprises,Canada,Supplier
V0288,NextGen Industries,Italy,Contractor
V0289,Nova Engineering,USA,Supplier
V0290,Dynamic Group,Turkey,Contractor
V0291,Apex Solutions,South Korea,Contractor
V0292,Nova Corporation,Italy,Contractor
V0293,Dynamic Enterprises,Malaysia,Supplier
V0294,Global Engineering,UAE,Contractor
V0295,Nova Logistics,Singapore,Supplier
V0296,Advanced Holdings,UAE,Contractor
V0297,Prime Industries,International,Contractor
V0298,Prime Engineering,International,Contractor
V0299,Pioneer Systems,Saudi Arabia,Contractor
V0300,Pioneer Logistics,China,Contractor
V0301,Elite Solutions,USA,Supplier
V0302,National Enterprises,South Korea,Supplier
V0303,Global Corporation,USA,Contractor
V0304,Prime Holdings,UK,Contractor
V0305,Prime Group,Germany,Supplier
V0306,Atlas Industries,USA,Contractor
V0307,United Engineering,China,Contractor
V0308,Dynamic Engineering,International,Supplier
V0309,United Solutions,Saudi Arabia,Contractor
V0310,United Engineering,Italy,Contractor
V0311,Atlas Group,Saudi Arabia,Supplier
V0312,Apex Holdings,International,Contractor
V0313,Apex International,UAE,Contractor
V0314,Apex Engineering,Singapore,Supplier
V0315,Vertex Engineering,Spain,Supplier
V0316,NextGen Holdings,UAE,Contractor
V0317,Prime Logistics,Netherlands,Contractor
V0318,NextGen Services,Japan,Supplier
V0319,Universal Enterprises,Netherlands,Supplier
V0320,Global Industries,Qatar,Supplier
V0321,Vertex Corporation,UK,Supplier
V0322,Pioneer Holdings,Canada,Supplier
V0323,Advanced Industries,South Korea,Contractor
V0324,Advanced Technologies,Turkey,Contractor
V0325,Global Solutions,Germany,Contractor
V0326,Prime Corporation,UAE,Contractor
V0327,NextGen Industries,Spain,Supplier
V0328,Future International,Australia,Contractor
V0329,Prime Holdings,Canada,Contractor
V0330,Nova Technologies,International,Contractor
V0331,Vertex Engineering,USA,Contractor
V0332,Advanced Industries,France,Supplier
V0333,Future Solutions,India,Supplier
V0334,Global Group,Singapore,Contractor
V0335,NextGen Group,Germany,Contractor
V0336,Advanced Holdings,Qatar,Supplier
V0337,Vertex Logistics,USA,Contractor
V0338,NextGen Solutions,USA,Contractor
V0339,Universal Solutions,Italy,Supplier
V0340,Apex Enterprises,UAE,Supplier
V0341,National Group,International,Supplier
V0342,Elite International,UAE,Contractor
V0343,National Enterprises,UAE,Contractor
V0344,Future Group,Canada,Supplier
V0345,Dynamic Engineering,China,Contractor
V0346,Global International,Qatar,Supplier
V0347,Prime International,Saudi Arabia,Contractor
V0348,Advanced Logistics,International,Supplier
V0349,Prime Technologies,Malaysia,Contractor
V0350,Pioneer Technologies,France,Contractor
V0351,Future Enterprises,Malaysia,Contractor
V0352,Nova Holdings,UAE,Supplier
V0353,Pioneer Enterprises,South Korea,Contractor
V0354,Nova Systems,USA,Contractor
V0355,Universal Systems,Australia,Supplier
V0356,Dynamic Holdings,International,Supplier
V0357,Global Enterprises,Singapore,Contractor
V0358,Dynamic Engineering,Saudi Arabia,Contractor
V0359,National International,Netherlands,Supplier
V0360,Prime Industries,Australia,Contractor
V0361,Atlas Technologies,Spain,Supplier
V0362,Vertex Technologies,Netherlands,Supplier
V0363,Atlas Industries,South Korea,Supplier
V0364,Advanced Logistics,India,Supplier
V0365,Atlas Technologies,South Korea,Contractor
V0366,Elite Solutions,Japan,Contractor
V0367,Vertex Enterprises,Netherlands,Supplier
V0368,Atlas Services,Germany,Supplier
V0369,Global Services,France,Supplier
V0370,National Enterprises,USA,Contractor
V0371,United Systems,Qatar,Supplier
V0372,Apex Technologies,Spain,Contractor
V0373,National Industries,Canada,Contractor
V0374,United Group,Qatar,Supplier
V0375,Vertex Services,USA,Contractor
V0376,Dynamic Engineering,Australia,Contractor
V0377,Dynamic Group,Italy,Supplier
V0378,Dynamic Solutions,Qatar,Contractor
V0379,Dynamic Holdings,Saudi Arabia,Contractor
V0380,Global Solutions,Qatar,Contractor
V0381,Dynamic Enterprises,UAE,Supplier
V0382,Nova Technologies,Australia,Contractor
V0383,Universal Holdings,India,Contractor
V0384,Dynamic Group,Italy,Contractor
V0385,Advanced Solutions,Singapore,Contractor
V0386,Elite Logistics,France,Contractor
V0387,NextGen Logistics,Netherlands,Contractor
V0388,Atlas International,China,Supplier
V0389,Universal Systems,Malaysia,Supplier
V0390,Nova Holdings,India,Contractor
V0391,Future Systems,Saudi Arabia,Contractor
V0392,Prime Corporation,France,Supplier
V0393,Advanced Engineering,Japan,Supplier
V0394,Elite Industries,South Korea,Contractor
V0395,NextGen Holdings,Malaysia,Contractor
V0396,Future Group,Malaysia,Supplier
V0397,Atlas Holdings,Turkey,Contractor
V0398,Global Engineering,South Korea,Contractor
V0399,Vertex Group,Australia,Contractor
V0400,Vertex Group,Spain,Contractor
V0401,Infinity Solutions,India,Supplier
V0402,Infinity Technologies,Singapore,Supplier
V0403,Pioneer Technologies,Germany,Contractor
V0404,Atlas Logistics,Australia,Supplier
V0405,Apex Engineering,Saudi Arabia,Supplier
V0406,Prime Logistics,International,Contractor
V0407,Universal International,Netherlands,Contractor
V0408,National Technologies,UAE,Contractor
V0409,Apex Corporation,Qatar,Supplier
V0410,Future Services,Malaysia,Contractor
V0411,Nova Logistics,Malaysia,Supplier
V0412,Infinity Enterprises,UK,Contractor
V0413,Elite Holdings,Japan,Supplier
V0414,Nova Systems,Canada,Contractor
V0415,Pioneer Engineering,Canada,Contractor
V0416,Nova Systems,UAE,Supplier
V0417,Dynamic Group,Italy,Supplier
V0418,Universal Group,Spain,Contractor
V0419,NextGen Systems,USA,Supplier
V0420,United International,Turkey,Contractor
V0421,Future Solutions,China,Contractor
V0422,Advanced Solutions,Italy,Contractor
V0423,Global Industries,Germany,Contractor
V0424,Dynamic Corporation,Netherlands,Contractor
V0425,Atlas Industries,Turkey,Contractor
V0426,Future Systems,Australia,Supplier
V0427,Infinity Group,France,Contractor
V0428,Future Corporation,Singapore,Contractor
V0429,Vertex Logistics,China,Contractor
V0430,Pioneer Services,Australia,Supplier
V0431,Prime Services,International,Contractor
V0432,Atlas Technologies,Singapore,Supplier
V0433,Prime Solutions,Qatar,Contractor
V0434,NextGen Services,Singapore,Contractor
V0435,Future Logistics,Australia,Contractor
V0436,Apex Corporation,Turkey,Supplier
V0437,Global Industries,International,Supplier
V0438,Future Holdings,China,Supplier
V0439,Global Group,India,Contractor
V0440,Universal Corporation,USA,Contractor
V0441,United Systems,Italy,Supplier
V0442,Infinity Industries,Netherlands,Contractor
V0443,Nova Corporation,Malaysia,Supplier
V0444,Global Technologies,Qatar,Supplier
V0445,Pioneer Systems,Qatar,Contractor
V0446,Nova Logistics,India,Contractor
V0447,Advanced Services,Australia,Supplier
V0448,Future Corporation,Turkey,Supplier
V0449,Nova Logistics,India,Contractor
V0450,Advanced Enterprises,UAE,Supplier
V0451,Global Engineering,Australia,Contractor
V0452,Atlas Solutions,International,Contractor
V0453,Universal Holdings,Canada,Contractor
V0454,Advanced Holdings,Saudi Arabia,Supplier
V0455,National Group,France,Contractor
V0456,Pioneer Services,Japan,Contractor
V0457,Prime Logistics,Netherlands,Contractor
V0458,United Industries,South Korea,Supplier
V0459,United Enterprises,Germany,Contractor
V0460,Nova Group,Singapore,Contractor
V0461,Atlas Solutions,China,Contractor
V0462,NextGen Industries,Netherlands,Contractor
V0463,Dynamic Corporation,Australia,Contractor
V0464,Pioneer Logistics,Malaysia,Contractor
V0465,Pioneer Logistics,Turkey,Supplier
V0466,Apex Corporation,Turkey,Supplier
V0467,United Corporation,South Korea,Contractor
V0468,Advanced Group,Netherlands,Contractor
V0469,Prime Corporation,Malaysia,Supplier
V0470,Global Services,Saudi Arabia,Supplier
V0471,Universal Solutions,Netherlands,Contractor
V0472,Prime Industries,Qatar,Contractor
V0473,Nova Corporation,Spain,Supplier
V0474,Prime Holdings,Saudi Arabia,Contractor
V0475,Advanced Holdings,Japan,Contractor
V0476,Future Group,Australia,Contractor
V0477,Atlas Industries,France,Contractor
V0478,Infinity Technologies,Qatar,Contractor
V0479,United Systems,Japan,Supplier
V0480,Apex Solutions,Spain,Contractor
V0481,Vertex Holdings,China,Supplier
V0482,United Industries,USA,Contractor
V0483,National Industries,International,Supplier
V0484,Future Industries,Malaysia,Contractor
V0485,Prime Enterprises,Germany,Contractor
V0486,National International,Malaysia,Contractor
V0487,Atlas Corporation,Japan,Supplier
V0488,United Solutions,Canada,Supplier
V0489,Universal Solutions,Netherlands,Contractor
V0490,Pioneer Engineering,Italy,Contractor
V0491,National Solutions,France,Supplier
V0492,Infinity Systems,UAE,Contractor
V0493,National Technologies,Turkey,Supplier
V0494,National Enterprises,Turkey,Supplier
V0495,NextGen Enterprises,Turkey,Contractor
V0496,Apex Solutions,Japan,Supplier
V0497,National Corporation,Qatar,Contractor
V0498,Future International,South Korea,Contractor
V0499,Dynamic Systems,Saudi Arabia,Contractor
V0500,Infinity Engineering,Netherlands,Contractor
V0501,Apex Group,India,Contractor
V0502,Infinity Systems,Turkey,Supplier
V0503,Pioneer Technologies,Saudi Arabia,Supplier
V0504,Prime Corporation,South Korea,Contractor
V0505,United Industries,Turkey,Supplier
V0506,Advanced International,India,Contractor
V0507,Pioneer Technologies,China,Supplier
V0508,Prime Services,Malaysia,Contractor
V0509,Elite International,China,Supplier
V0510,Advanced Services,Canada,Supplier
V0511,Dynamic Industries,Qatar,Supplier
V0512,Advanced Enterprises,UK,Contractor
V0513,Global Logistics,International,Supplier
V0514,Atlas Solutions,Saudi Arabia,Supplier
V0515,NextGen Corporation,UAE,Supplier
V0516,Infinity Services,Australia,Contractor
V0517,Future Solutions,Malaysia,Contractor
V0518,Atlas Engineering,Saudi Arabia,Contractor
V0519,Nova Solutions,Turkey,Supplier
V0520,Future Systems,UAE,Supplier
V0521,Dynamic Enterprises,India,Supplier
V0522,Vertex Holdings,Saudi Arabia,Supplier
V0523,Infinity Solutions,Japan,Contractor
V0524,Pioneer Services,Qatar,Contractor
V0525,Universal Logistics,Qatar,Supplier
V0526,Elite Engineering,USA,Supplier
V0527,United Engineering,Qatar,Supplier
V0528,Pioneer International,Malaysia,Supplier
V0529,Universal Holdings,Qatar,Contractor
V0530,United International,Saudi Arabia,Contractor
V0531,Infinity Engineering,France,Contractor
V0532,Dynamic Logistics,USA,Contractor
V0533,Infinity Enterprises,Turkey,Contractor
V0534,Vertex International,UK,Contractor
V0535,United Holdings,Malaysia,Supplier
V0536,Universal Corporation,China,Contractor
V0537,Universal Group,Australia,Supplier
V0538,Atlas Technologies,Canada,Contractor
V0539,Vertex Group,International,Contractor
V0540,NextGen Corporation,India,Contractor
V0541,National Industries,Germany,Supplier
V0542,Infinity Logistics,France,Contractor
V0543,United Services,Australia,Contractor
V0544,Advanced Industries,Canada,Contractor
V0545,Elite Group,Malaysia,Contractor
V0546,Elite Corporation,France,Contractor
V0547,Advanced Industries,France,Supplier
V0548,Future Systems,Germany,Supplier
V0549,Future Group,Germany,Supplier
V0550,Elite Enterprises,Turkey,Supplier
V0551,Vertex Technologies,Singapore,Contractor
V0552,Dynamic Solutions,South Korea,Contractor
V0553,Future Engineering,USA,Supplier
V0554,Elite Engineering,Spain,Supplier
V0555,United Engineering,Netherlands,Supplier
V0556,Pioneer Services,Netherlands,Supplier
V0557,Infinity Solutions,UK,Contractor
V0558,Atlas Technologies,Netherlands,Supplier
V0559,Elite Technologies,Italy,Supplier
V0560,United Corporation,Turkey,Supplier
V0561,National Holdings,USA,Supplier
V0562,Future Services,USA,Supplier
V0563,National Solutions,UK,Contractor
V0564,NextGen International,UK,Supplier
V0565,Global Industries,South Korea,Supplier
V0566,United International,Saudi Arabia,Supplier
V0567,Atlas Industries,Netherlands,Supplier
V0568,Future Technologies,International,Contractor
V0569,Infinity Services,China,Supplier
V0570,Pioneer Engineering,South Korea,Supplier
V0571,Global Enterprises,Netherlands,Supplier
V0572,United Solutions,UK,Supplier
V0573,Prime Corporation,USA,Contractor
V0574,Universal Logistics,Germany,Contractor
V0575,Nova Holdings,India,Contractor
V0576,United Systems,UAE,Contractor
V0577,Dynamic Engineering,Australia,Supplier
V0578,Pioneer Holdings,Australia,Supplier
V0579,Apex Industries,Canada,Contractor
V0580,Future Solutions,Spain,Contractor
V0581,Universal International,Turkey,Supplier
V0582,National Group,UK,Supplier
V0583,Global Technologies,UAE,Supplier
V0584,Nova Industries,UAE,Contractor
V0585,Advanced Corporation,Singapore,Contractor
V0586,Universal Services,Qatar,Supplier
V0587,Future Group,South Korea,Contractor
V0588,Nova Industries,Saudi Arabia,Supplier
V0589,National Solutions,Japan,Contractor
V0590,Atlas Systems,UAE,Supplier
V0591,Future Engineering,Canada,Contractor
V0592,Prime International,Australia,Supplier
V0593,Apex Services,China,Contractor
V0594,Universal Holdings,Spain,Contractor
V0595,Infinity International,Singapore,Supplier
V0596,Dynamic Systems,Australia,Supplier
V0597,Atlas Group,International,Contractor
V0598,Prime Systems,Australia,Contractor
V0599,Advanced Corporation,Netherlands,Supplier
V0600,Global Technologies,China,Supplier
V0601,Infinity Enterprises,Singapore,Supplier
V0602,Universal Industries,UAE,Contractor
V0603,Vertex Systems,Malaysia,Supplier
V0604,Atlas Corporation,India,Supplier
V0605,Nova Corporation,Singapore,Contractor
V0606,Dynamic Corporation,USA,Supplier
V0607,National Enterprises,Netherlands,Contractor
V0608,Advanced Corporation,UAE,Contractor
V0609,National Logistics,UK,Supplier
V0610,Future International,Spain,Contractor
V0611,Atlas International,India,Supplier
V0612,Elite International,UK,Contractor
V0613,Atlas Technologies,Italy,Contractor
V0614,Advanced Logistics,China,Contractor
V0615,Global International,South Korea,Supplier
V0616,National Services,India,Supplier
V0617,Atlas Systems,Malaysia,Supplier
V0618,United Corporation,France,Supplier
V0619,Vertex Technologies,India,Supplier
V0620,Pioneer Corporation,Netherlands,Contractor
V0621,Prime Systems,Italy,Contractor
V0622,Pioneer International,Japan,Contractor
V0623,National Engineering,Japan,Contractor
V0624,Advanced International,Malaysia,Supplier
V0625,Prime Systems,China,Supplier
V0626,Elite Industries,Saudi Arabia,Supplier
V0627,United Enterprises,International,Contractor
V0628,United Group,India,Supplier
V0629,Universal Engineering,Germany,Contractor
V0630,Future Enterprises,Canada,Supplier
V0631,Elite Corporation,Canada,Supplier
V0632,United Holdings,France,Contractor
V0633,Infinity Industries,UK,Supplier
V0634,Elite Group,Canada,Contractor
V0635,Future Corporation,USA,Supplier
V0636,NextGen Enterprises,USA,Contractor
V0637,Vertex Services,India,Supplier
V0638,United Services,Qatar,Supplier
V0639,Dynamic Holdings,India,Supplier
V0640,Pioneer Solutions,Qatar,Contractor
V0641,Pioneer Engineering,Netherlands,Contractor
V0642,Vertex Industries,China,Supplier
V0643,Infinity Corporation,Germany,Contractor
V0644,Global Logistics,Japan,Supplier
V0645,United Services,Netherlands,Contractor
V0646,Dynamic Group,Qatar,Contractor
V0647,Universal Technologies,China,Supplier
V0648,Future Services,Malaysia,Contractor
V0649,Apex Systems,Germany,Contractor
V0650,Infinity Enterprises,UAE,Supplier
V0651,Infinity Corporation,UK,Contractor
V0652,Advanced Corporation,USA,Contractor
V0653,Future Industries,South Korea,Supplier
V0654,Atlas Services,Saudi Arabia,Contractor
V0655,Prime Services,UK,Contractor
V0656,Future Engineering,Malaysia,Supplier
V0657,Global International,Qatar,Supplier
V0658,Atlas Systems,Japan,Supplier
V0659,Prime Enterprises,UAE,Supplier
V0660,Advanced Group,Singapore,Supplier
V0661,Elite Enterprises,Spain,Contractor
V0662,Global Industries,Spain,Supplier
V0663,National Holdings,Saudi Arabia,Contractor
V0664,Dynamic Services,Japan,Supplier
V0665,Atlas International,Turkey,Supplier
V0666,United Group,Germany,Supplier
V0667,Infinity Solutions,Spain,Contractor
V0668,NextGen Solutions,USA,Contractor
V0669,United Solutions,Germany,Supplier
V0670,Global Engineering,South Korea,Contractor
V0671,Elite International,Italy,Supplier
V0672,NextGen Technologies,Italy,Supplier
V0673,Dynamic Systems,Canada,Contractor
V0674,Dynamic Logistics,UK,Supplier
V0675,Advanced Industries,Qatar,Contractor
V0676,Atlas Logistics,Netherlands,Contractor
V0677,Vertex Engineering,Saudi Arabia,Supplier
V0678,Universal Industries,Japan,Contractor
V0679,NextGen International,International,Contractor
V0680,Infinity International,Saudi Arabia,Supplier
V0681,Apex Logistics,Malaysia,Supplier
V0682,Vertex Engineering,India,Supplier
V0683,National Industries,Qatar,Contractor
V0684,Pioneer Enterprises,Malaysia,Contractor
V0685,Dynamic International,Malaysia,Supplier
V0686,Prime Group,Turkey,Supplier
V0687,Global Systems,France,Supplier
V0688,Prime International,USA,Contractor
V0689,Universal Industries,India,Contractor
V0690,National Engineering,India,Contractor
V0691,Universal Corporation,Germany,Contractor
V0692,National Corporation,Australia,Supplier
V0693,Infinity Systems,UAE,Supplier
V0694,Elite Group,Italy,Supplier
V0695,Advanced Group,Spain,Contractor
V0696,Atlas Technologies,Germany,Supplier
V0697,Pioneer Services,Singapore,Contractor
V0698,Nova Systems,UAE,Supplier
V0699,Apex Technologies,USA,Supplier
V0700,Apex Group,Spain,Supplier
V0701,National Systems,China,Contractor
V0702,Advanced Industries,Saudi Arabia,Contractor
V0703,Global Engineering,Canada,Contractor
V0704,Infinity Solutions,China,Supplier
V0705,Apex Industries,India,Contractor
V0706,Apex International,Australia,Supplier
V0707,Vertex Technologies,France,Contractor
V0708,Elite Corporation,Saudi Arabia,Supplier
V0709,Dynamic Corporation,Netherlands,Contractor
V0710,Advanced Enterprises,France,Contractor
V0711,National International,Singapore,Supplier
V0712,Vertex Industries,Australia,Supplier
V0713,Universal Holdings,Saudi Arabia,Contractor
V0714,NextGen Technologies,Italy,Contractor
V0715,Infinity Enterprises,Germany,Supplier
V0716,Advanced Holdings,Germany,Supplier
V0717,Prime Enterprises,Italy,Contractor
V0718,Prime Industries,Malaysia,Contractor
V0719,Future Corporation,Spain,Contractor
V0720,Atlas Services,Italy,Contractor
V0721,Global Enterprises,UK,Supplier
V0722,Future Corporation,Spain,Contractor
V0723,Future Holdings,Netherlands,Contractor
V0724,Vertex International,Turkey,Supplier
V0725,National Industries,France,Contractor
V0726,Universal Solutions,France,Contractor
V0727,Prime Solutions,China,Supplier
V0728,Nova Services,South Korea,Contractor
V0729,National Services,Germany,Contractor
V0730,National Technologies,Saudi Arabia,Contractor
V0731,Pioneer Enterprises,India,Supplier
V0732,Vertex Services,Australia,Supplier
V0733,Pioneer Solutions,Germany,Supplier
V0734,National Solutions,Japan,Contractor
V0735,Atlas Services,China,Contractor
V0736,Nova Logistics,Singapore,Contractor
V0737,Advanced Services,Germany,Supplier
V0738,Elite Systems,Turkey,Contractor
V0739,Global Enterprises,International,Contractor
V0740,Global Group,UK,Contractor
V0741,Nova Holdings,Spain,Supplier
V0742,Atlas Services,France,Contractor
V0743,Future Engineering,International,Contractor
V0744,Universal Engineering,India,Supplier
V0745,Apex Solutions,Canada,Supplier
V0746,Future Engineering,Turkey,Supplier
V0747,NextGen Technologies,Australia,Contractor
V0748,Atlas Systems,Spain,Contractor
V0749,NextGen Systems,India,Supplier
V0750,Global Group,Germany,Contractor
V0751,Vertex International,India,Supplier
V0752,Apex Corporation,Japan,Supplier
V0753,Vertex Services,Singapore,Contractor
V0754,NextGen Corporation,Canada,Supplier
V0755,NextGen Systems,Italy,Supplier
V0756,Vertex Engineering,Qatar,Contractor
V0757,Global International,Germany,Contractor
V0758,Apex Enterprises,UK,Contractor
V0759,Vertex Enterprises,Turkey,Supplier
V0760,Prime Logistics,Netherlands,Supplier
V0761,Future Systems,Australia,Contractor
V0762,Dynamic Services,Qatar,Supplier
V0763,Vertex International,Qatar,Supplier
V0764,Pioneer Engineering,China,Contractor
V0765,Atlas Services,France,Contractor
V0766,Vertex Industries,UAE,Supplier
V0767,Future International,Italy,Supplier
V0768,Vertex Corporation,Germany,Supplier
V0769,Dynamic Corporation,China,Contractor
V0770,National Logistics,India,Supplier
V0771,NextGen Group,USA,Contractor
V0772,Nova Systems,Germany,Supplier
V0773,Apex Solutions,UAE,Supplier
V0774,Pioneer Services,China,Contractor
V0775,National Industries,Germany,Contractor
V0776,Advanced Industries,Spain,Contractor
V0777,Advanced Technologies,China,Supplier
V0778,Elite Corporation,South Korea,Contractor
V0779,Nova International,Australia,Supplier
V0780,Advanced Solutions,Qatar,Contractor
V0781,Advanced Industries,Singapore,Supplier
V0782,Apex International,South Korea,Contractor
V0783,Vertex Technologies,India,Contractor
V0784,Universal International,Japan,Contractor
V0785,United Industries,South Korea,Supplier
V0786,Atlas Industries,Spain,Supplier
V0787,Advanced Technologies,Turkey,Contractor
V0788,Prime Engineering,Netherlands,Contractor
V0789,Dynamic Enterprises,Germany,Contractor
V0790,Nova Engineering,South Korea,Supplier
V0791,Atlas International,Singapore,Supplier
V0792,Prime Systems,Australia,Contractor
V0793,Elite Corporation,Saudi Arabia,Supplier
V0794,Vertex Services,Netherlands,Supplier
V0795,Prime Industries,USA,Supplier
V0796,Advanced Engineering,UK,Supplier
V0797,National Logistics,Qatar,Supplier
V0798,Elite Systems,Saudi Arabia,Contractor
V0799,Vertex Holdings,Germany,Contractor
V0800,NextGen Enterprises,UAE,Supplier
V0801,Vertex Systems,Saudi Arabia,Contractor
V0802,Prime Logistics,International,Contractor
V0803,Advanced Industries,Australia,Supplier
V0804,Universal Systems,UAE,Contractor
V0805,Future Solutions,South Korea,Supplier
V0806,Prime Logistics,India,Supplier
V0807,Infinity Services,Saudi Arabia,Contractor
V0808,Future Group,UAE,Supplier
V0809,Apex Solutions,France,Contractor
V0810,Vertex Systems,Japan,Supplier
V0811,Universal International,Germany,Contractor
V0812,Infinity Logistics,Australia,Contractor
V0813,Vertex Enterprises,France,Contractor
V0814,Prime Industries,Australia,Supplier
V0815,Nova Enterprises,Turkey,Contractor
V0816,Future Engineering,Qatar,Supplier
V0817,NextGen Engineering,International,Contractor
V0818,United Engineering,Turkey,Contractor
V0819,National Logistics,France,Contractor
V0820,Dynamic Corporation,UAE,Supplier
V0821,Vertex Industries,Singapore,Contractor
V0822,United Group,Germany,Supplier
V0823,National Technologies,South Korea,Contractor
V0824,United Industries,India,Contractor
V0825,Atlas Group,Saudi Arabia,Supplier
V0826,Apex Systems,South Korea,Contractor
V0827,Universal Enterprises,UAE,Contractor
V0828,National Engineering,South Korea,Contractor
V0829,Future International,Netherlands,Contractor
V0830,Future Technologies,Japan,Contractor
V0831,Pioneer Systems,UAE,Contractor
V0832,United Services,Australia,Contractor
V0833,Infinity Solutions,Germany,Supplier
V0834,Infinity Industries,Japan,Contractor
V0835,National Technologies,Spain,Supplier
V0836,Future Holdings,Australia,Supplier
V0837,Vertex Industries,India,Supplier
V0838,Prime Systems,Singapore,Supplier
V0839,Global Industries,Italy,Contractor
V0840,Apex International,China,Supplier
V0841,Future Solutions,France,Supplier
V0842,United Logistics,Saudi Arabia,Contractor
V0843,Dynamic Logistics,Netherlands,Supplier
V0844,Elite Enterprises,Singapore,Supplier
V0845,NextGen Holdings,France,Supplier
V0846,Prime Group,France,Supplier
V0847,Universal Corporation,Spain,Contractor
V0848,Pioneer Industries,Singapore,Contractor
V0849,Atlas Holdings,India,Supplier
V0850,Pioneer Services,Malaysia,Supplier
V0851,Apex International,USA,Supplier
V0852,Apex Engineering,UAE,Supplier
V0853,Elite Engineering,Malaysia,Contractor
V0854,United Engineering,Australia,Supplier
V0855,Apex Enterprises,India,Supplier
V0856,NextGen Solutions,Malaysia,Supplier
V0857,Nova International,Italy,Supplier
V0858,Infinity Engineering,India,Supplier
V0859,Universal Industries,Qatar,Contractor
V0860,Elite Group,UAE,Supplier
V0861,Prime Enterprises,South Korea,Contractor
V0862,Prime Enterprises,France,Supplier
V0863,Infinity Services,Netherlands,Contractor
V0864,Vertex Services,Spain,Contractor
V0865,United Technologies,Italy,Supplier
V0866,National Technologies,China,Contractor
V0867,Global Industries,USA,Supplier
V0868,National Corporation,UAE,Contractor
V0869,Future Technologies,USA,Supplier
V0870,Vertex Enterprises,Canada,Contractor
V0871,Universal Group,Qatar,Contractor
V0872,Prime Technologies,Australia,Contractor
V0873,Advanced Corporation,Japan,Contractor
V0874,Prime Technologies,Germany,Supplier
V0875,National Corporation,International,Contractor
V0876,National Enterprises,China,Supplier
V0877,Global Logistics,Singapore,Contractor
V0878,Universal International,France,Supplier
V0879,Universal Technologies,Qatar,Supplier
V0880,Apex Industries,Singapore,Supplier
V0881,Atlas Group,France,Contractor
V0882,Infinity Systems,Malaysia,Contractor
V0883,Infinity Corporation,USA,Supplier
V0884,United Holdings,Netherlands,Contractor
V0885,Nova Holdings,UK,Contractor
V0886,United Engineering,India,Contractor
V0887,Universal International,South Korea,Supplier
V0888,Atlas Engineering,China,Contractor
V0889,Infinity Logistics,International,Contractor
V0890,United Corporation,Qatar,Contractor
V0891,United Industries,India,Contractor
V0892,Infinity Group,India,Supplier
V0893,Vertex Group,UK,Contractor
V0894,Prime Group,Spain,Supplier
V0895,Apex Logistics,Malaysia,Supplier
V0896,Elite Enterprises,UAE,Supplier
V0897,Apex Solutions,Spain,Contractor
V0898,Future Holdings,Netherlands,Contractor
V0899,Advanced International,Singapore,Contractor
V0900,Pioneer Corporation,Turkey,Supplier
V0901,Universal Group,France,Supplier
V0902,Future Group,Germany,Contractor
V0903,National Logistics,USA,Supplier
V0904,Vertex Logistics,UAE,Supplier
V0905,National Technologies,Australia,Supplier
V0906,National Group,International,Supplier
V0907,Apex Solutions,UAE,Supplier
V0908,Infinity Systems,Netherlands,Contractor
V0909,Apex Technologies,Singapore,Contractor
V0910,Nova Systems,China,Contractor
V0911,Atlas International,South Korea,Contractor
V0912,Universal International,Malaysia,Supplier
V0913,Elite Logistics,Netherlands,Supplier
V0914,Apex Systems,Turkey,Supplier
V0915,Advanced Corporation,Turkey,Supplier
V0916,Universal Industries,China,Supplier
V0917,National Services,Canada,Supplier
V0918,Global Corporation,UK,Contractor
V0919,Vertex Group,Singapore,Supplier
V0920,Vertex Industries,Turkey,Contractor
V0921,Global Enterprises,India,Contractor
V0922,Nova Systems,UK,Contractor
V0923,Apex Services,Canada,Contractor
V0924,Global Corporation,France,Supplier
V0925,Apex Technologies,Germany,Contractor
V0926,NextGen Corporation,France,Supplier
V0927,Vertex Corporation,India,Contractor
V0928,National Technologies,Singapore,Contractor
V0929,Universal Group,Italy,Supplier
V0930,Pioneer Industries,Australia,Contractor
V0931,Nova Technologies,India,Supplier
V0932,Infinity Corporation,Malaysia,Contractor
V0933,United Logistics,Japan,Contractor
V0934,Infinity Systems,China,Contractor
V0935,Universal Technologies,Spain,Contractor
V0936,Future Engineering,China,Contractor
V0937,Global Group,France,Contractor
V0938,Prime Logistics,Australia,Supplier
V0939,Atlas International,Japan,Contractor
V0940,Infinity Corporation,Qatar,Contractor
V0941,Infinity Corporation,International,Supplier
V0942,Universal Enterprises,Turkey,Supplier
V0943,Advanced Solutions,Saudi Arabia,Contractor
V0944,Atlas Holdings,Germany,Contractor
V0945,Universal Holdings,South Korea,Supplier
V0946,Pioneer Logistics,Spain,Contractor
V0947,Vertex International,India,Contractor
V0948,NextGen Systems,China,Supplier
V0949,Global Solutions,Germany,Supplier
V0950,Future Holdings,Malaysia,Supplier
V0951,NextGen Services,UAE,Supplier
V0952,United Corporation,UAE,Supplier
V0953,Vertex Systems,Australia,Supplier
V0954,Pioneer Corporation,Qatar,Supplier
V0955,Nova International,USA,Supplier
V0956,Dynamic Services,Japan,Contractor
V0957,Prime Engineering,Japan,Supplier
V0958,NextGen Solutions,International,Supplier
V0959,Prime Industries,UK,Supplier
V0960,Advanced Systems,Netherlands,Supplier
V0961,Infinity Systems,South Korea,Contractor
V0962,Elite Corporation,Malaysia,Contractor
V0963,Pioneer Technologies,Saudi Arabia,Contractor
V0964,Infinity Holdings,Singapore,Contractor
V0965,NextGen Engineering,India,Contractor
V0966,Advanced Solutions,France,Contractor
V0967,Vertex Technologies,Germany,Supplier
V0968,United Industries,India,Contractor
V0969,Vertex Services,Saudi Arabia,Contractor
V0970,Global Engineering,Canada,Contractor
V0971,United Engineering,Qatar,Contractor
V0972,NextGen Holdings,India,Contractor
V0973,Advanced Corporation,Italy,Contractor
V0974,Pioneer Services,UK,Contractor
V0975,Pioneer Engineering,Turkey,Supplier
V0976,NextGen Logistics,Qatar,Contractor
V0977,National Enterprises,Singapore,Contractor
V0978,Dynamic Engineering,Canada,Supplier
V0979,Future Group,Germany,Supplier
V0980,Vertex Group,Spain,Supplier
V0981,Apex Systems,Germany,Supplier
V0982,Elite Solutions,Australia,Contractor
V0983,Vertex Solutions,Spain,Contractor
V0984,Pioneer Services,Spain,Contractor
V0985,Advanced Services,Japan,Supplier
V0986,Prime Technologies,France,Contractor
V0987,Advanced Engineering,Spain,Supplier
V0988,United Enterprises,UK,Supplier
V0989,National International,India,Contractor
V0990,NextGen Technologies,International,Contractor
V0991,Atlas Engineering,International,Supplier
V0992,National Solutions,Australia,Supplier
V0993,Advanced Technologies,International,Supplier
V0994,Universal Group,Germany,Supplier
V0995,Global Holdings,UK,Contractor
V0996,Elite Corporation,Qatar,Supplier
V0997,Dynamic Industries,Turkey,Supplier
V0998,United Enterprises,Saudi Arabia,Contractor
V0999,United Engineering,Saudi Arabia,Contractor
V1000,Pioneer Services,China,Supplier
V1001,Apex International,Turkey,Supplier
V1002,Dynamic Engineering,India,Contractor
V1003,National Engineering,Australia,Contractor
V1004,Atlas Solutions,Saudi Arabia,Supplier
V1005,Advanced Corporation,Germany,Contractor
V1006,United Systems,UAE,Supplier
V1007,Vertex Corporation,South Korea,Contractor
V1008,United Engineering,France,Supplier
V1009,Future Engineering,UAE,Supplier
V1010,Advanced Services,Malaysia,Contractor
V1011,Apex Corporation,France,Supplier
V1012,Apex Group,Spain,Supplier
V1013,Infinity Holdings,China,Contractor
V1014,NextGen Systems,Canada,Contractor
V1015,NextGen Services,Saudi Arabia,Contractor
V1016,Universal International,Malaysia,Supplier
V1017,NextGen Logistics,Singapore,Contractor
V1018,Vertex Enterprises,Canada,Supplier
V1019,Global Technologies,France,Supplier
V1020,Pioneer Industries,Japan,Supplier
V1021,Atlas Holdings,Australia,Supplier
V1022,Dynamic Holdings,USA,Supplier
V1023,NextGen Engineering,Turkey,Contractor
V1024,Dynamic Solutions,Italy,Contractor
V1025,Dynamic Corporation,UK,Supplier
V1026,Universal Logistics,Spain,Contractor
V1027,NextGen Engineering,Italy,Contractor
V1028,Prime Group,France,Contractor
V1029,NextGen Industries,Japan,Supplier
V1030,Infinity Enterprises,Japan,Supplier
V1031,Pioneer Engineering,Qatar,Contractor
V1032,Global Engineering,Malaysia,Contractor
V1033,Universal Group,Japan,Contractor
V1034,Future International,USA,Contractor
V1035,Vertex Holdings,Japan,Contractor
V1036,Dynamic Systems,Saudi Arabia,Supplier
V1037,NextGen Holdings,Singapore,Contractor
V1038,Future Engineering,UAE,Supplier
V1039,Pioneer Industries,Singapore,Contractor
V1040,Prime Holdings,India,Supplier
V1041,Advanced International,France,Contractor
V1042,Nova Industries,UK,Supplier
V1043,Infinity Corporation,International,Supplier
V1044,Advanced Logistics,Germany,Contractor
V1045,Advanced Logistics,International,Contractor
V1046,NextGen Group,Canada,Contractor
V1047,Global Solutions,Australia,Contractor
V1048,Infinity Engineering,India,Contractor
V1049,Dynamic Holdings,China,Supplier
V1050,Infinity Technologies,Qatar,Supplier
V1051,Infinity Technologies,Netherlands,Supplier
V1052,Advanced Logistics,UAE,Contractor
V1053,Infinity Group,Netherlands,Contractor
V1054,National Services,Italy,Supplier
V1055,Infinity Group,UK,Contractor
V1056,Elite Engineering,UAE,Supplier
V1057,National Holdings,India,Supplier
V1058,Advanced Engineering,International,Contractor
V1059,Advanced Services,Singapore,Contractor
V1060,National Enterprises,Germany,Contractor
V1061,Dynamic Technologies,Saudi Arabia,Contractor
V1062,Prime Logistics,South Korea,Supplier
V1063,United Technologies,UK,Contractor
V1064,Dynamic Engineering,Turkey,Supplier
V1065,Advanced Logistics,Qatar,Supplier
V1066,Elite Holdings,Qatar,Supplier
V1067,Prime International,UK,Contractor
V1068,United Services,Canada,Supplier
V1069,Advanced Holdings,France,Contractor
V1070,Elite Engineering,UK,Contractor
V1071,Atlas Enterprises,India,Contractor
V1072,Universal Holdings,Turkey,Contractor
V1073,Global Systems,Malaysia,Contractor
V1074,NextGen Enterprises,UAE,Supplier
V1075,Global International,India,Contractor
V1076,Universal International,Canada,Supplier
V1077,Universal Solutions,Canada,Supplier
V1078,Apex Systems,Saudi Arabia,Contractor
V1079,Dynamic Group,International,Contractor
V1080,Infinity Group,Italy,Supplier
V1081,Vertex Enterprises,Turkey,Contractor
V1082,NextGen Logistics,Malaysia,Contractor
V1083,National Corporation,Australia,Supplier
V1084,Future Engineering,Qatar,Contractor
V1085,Nova Services,UK,Contractor
V1086,Pioneer Solutions,UAE,Supplier
V1087,Atlas Holdings,Netherlands,Supplier
V1088,National Corporation,Netherlands,Supplier
V1089,Prime Logistics,China,Contractor
V1090,Global Technologies,UK,Supplier
V1091,Elite Engineering,Australia,Contractor
V1092,Apex Corporation,Italy,Supplier
V1093,National Engineering,Italy,Contractor
V1094,Infinity Solutions,France,Contractor
V1095,Atlas Systems,International,Contractor
V1096,Apex Systems,India,Contractor
V1097,Pioneer Holdings,Turkey,Contractor
V1098,NextGen Holdings,Japan,Contractor
V1099,Global Solutions,USA,Supplier
V1100,Advanced Logistics,China,Supplier
V1101,Prime Holdings,Saudi Arabia,Supplier
V1102,Elite Holdings,USA,Supplier
V1103,Nova Logistics,Qatar,Supplier
V1104,Global Technologies,France,Contractor
V1105,United Services,Saudi Arabia,Supplier
V1106,Universal Industries,USA,Contractor
V1107,Infinity Industries,Italy,Supplier
V1108,Global Holdings,Germany,Contractor
V1109,Atlas Group,Netherlands,Contractor
V1110,Nova Corporation,China,Contractor
V1111,Apex Industries,Germany,Contractor
V1112,Vertex Systems,Singapore,Supplier
V1113,Vertex Systems,Netherlands,Supplier
V1114,Dynamic Solutions,Italy,Contractor
V1115,United International,Singapore,Contractor
V1116,Vertex Logistics,Spain,Contractor
V1117,National Solutions,Canada,Contractor
V1118,United Solutions,Australia,Supplier
V1119,Future International,Netherlands,Supplier
V1120,Dynamic Services,International,Supplier
V1121,Vertex Systems,South Korea,Contractor
V1122,National Corporation,Italy,Supplier
V1123,Pioneer Services,UAE,Supplier
V1124,Nova Solutions,UK,Supplier
V1125,United Holdings,UAE,Contractor
V1126,Prime Technologies,UK,Contractor
V1127,National Industries,Japan,Supplier
V1128,Elite Holdings,Spain,Supplier
V1129,Infinity Industries,Spain,Supplier
V1130,National Group,Turkey,Supplier
V1131,Elite Systems,Singapore,Contractor
V1132,Global Technologies,Turkey,Supplier
V1133,Infinity Services,Japan,Contractor
V1134,Pioneer International,China,Supplier
V1135,Elite Services,Singapore,Contractor
V1136,Pioneer Logistics,Saudi Arabia,Contractor
V1137,Pioneer Systems,Malaysia,Supplier
V1138,National Services,Saudi Arabia,Supplier
V1139,NextGen Systems,USA,Contractor
V1140,Pioneer Technologies,South Korea,Contractor
V1141,United Enterprises,UAE,Supplier
V1142,NextGen Technologies,Germany,Supplier
V1143,Advanced Technologies,Italy,Supplier
V1144,NextGen Enterprises,Australia,Contractor
V1145,Vertex Corporation,Singapore,Supplier
V1146,Vertex Systems,South Korea,Supplier
V1147,Advanced Enterprises,Saudi Arabia,Contractor
V1148,Global Holdings,China,Contractor
V1149,Future Holdings,USA,Contractor
V1150,Apex Industries,UK,Contractor
V1151,Atlas Solutions,UK,Contractor
V1152,NextGen Enterprises,Saudi Arabia,Supplier
V1153,Universal Technologies,China,Supplier
V1154,Vertex Engineering,Singapore,Supplier
V1155,Nova Corporation,Germany,Supplier
V1156,Global Solutions,Germany,Supplier
V1157,NextGen Corporation,Singapore,Contractor
V1158,NextGen Technologies,Canada,Contractor
V1159,Elite International,Netherlands,Supplier
V1160,Vertex Technologies,Italy,Contractor
V1161,Global Corporation,Qatar,Contractor
V1162,Future Corporation,Australia,Supplier
V1163,Advanced Solutions,Malaysia,Contractor
V1164,Advanced Corporation,China,Supplier
V1165,Advanced Systems,International,Contractor
V1166,Advanced Holdings,Netherlands,Contractor
V1167,Vertex Solutions,USA,Contractor
V1168,Advanced Services,USA,Supplier
V1169,Universal International,UK,Contractor
V1170,National Corporation,Germany,Contractor
V1171,Vertex Logistics,Germany,Contractor
V1172,Universal Logistics,Malaysia,Supplier
V1173,Atlas Logistics,International,Supplier
V1174,Advanced Group,Germany,Supplier
V1175,Advanced Systems,Qatar,Supplier
V1176,Atlas Industries,UAE,Supplier
V1177,National Technologies,France,Supplier
V1178,Nova Corporation,Spain,Supplier
V1179,National Services,China,Supplier
V1180,Pioneer Services,Japan,Supplier
V1181,Prime International,Qatar,Contractor
V1182,National Logistics,Netherlands,Contractor
V1183,NextGen Services,Canada,Supplier
V1184,Future Technologies,Canada,Contractor
V1185,National Enterprises,Saudi Arabia,Contractor
V1186,National Services,UK,Supplier
V1187,National Solutions,Qatar,Supplier
V1188,Prime Systems,Saudi Arabia,Contractor
V1189,Dynamic Services,India,Contractor
V1190,Apex Industries,Qatar,Supplier
V1191,Atlas Logistics,Spain,Supplier
V1192,National Systems,Saudi Arabia,Contractor
V1193,Vertex Holdings,Singapore,Supplier
V1194,Prime Industries,Malaysia,Contractor
V1195,Apex Technologies,Qatar,Supplier
V1196,Universal Solutions,Malaysia,Supplier
V1197,Universal Systems,Turkey,Supplier
V1198,Advanced Industries,UAE,Supplier
V1199,Universal Enterprises,USA,Supplier
V1200,Elite Holdings,Qatar,Contractor
V1201,United Holdings,China,Contractor
V1202,Apex Corporation,Singapore,Supplier
V1203,Universal Engineering,Spain,Contractor
V1204,United Solutions,Saudi Arabia,Supplier
V1205,Prime Corporation,Australia,Supplier
V1206,Future Technologies,South Korea,Contractor
V1207,Elite Services,UAE,Supplier
V1208,United International,USA,Contractor
V1209,Atlas Solutions,UAE,Supplier
V1210,Pioneer Holdings,USA,Supplier
V1211,Elite Group,UAE,Contractor
V1212,United Engineering,Qatar,Supplier
V1213,Dynamic Technologies,Canada,Supplier
V1214,Apex Holdings,Turkey,Supplier
V1215,Global Engineering,UAE,Contractor
V1216,United Holdings,India,Supplier
V1217,Universal Systems,Germany,Contractor
V1218,Infinity Logistics,Malaysia,Contractor
V1219,Pioneer International,Japan,Supplier
V1220,Universal Logistics,UAE,Contractor
V1221,Dynamic Corporation,Singapore,Contractor
V1222,NextGen Technologies,Saudi Arabia,Supplier
V1223,Atlas Enterprises,Spain,Contractor
V1224,Pioneer Holdings,Saudi Arabia,Supplier
V1225,National Enterprises,China,Contractor
V1226,Advanced Holdings,Turkey,Contractor
V1227,Vertex Industries,International,Contractor
V1228,National Solutions,International,Supplier
V1229,Elite Engineering,France,Contractor
V1230,Universal Technologies,Turkey,Supplier
V1231,Nova Engineering,Saudi Arabia,Contractor
V1232,Universal Enterprises,Saudi Arabia,Supplier
V1233,Universal Corporation,Italy,Contractor
V1234,Atlas Industries,Japan,Supplier
V1235,Pioneer Group,Turkey,Supplier
V1236,Advanced International,Turkey,Contractor
V1237,National Corporation,Turkey,Contractor
V1238,NextGen Corporation,France,Supplier
V1239,Nova Logistics,India,Contractor
V1240,Pioneer Technologies,Australia,Contractor
V1241,Apex Industries,UAE,Supplier
V1242,Future Technologies,Canada,Supplier
V1243,Apex Holdings,China,Supplier
V1244,Elite Technologies,UAE,Supplier
V1245,Vertex Holdings,India,Contractor
V1246,Atlas Logistics,Netherlands,Contractor
V1247,Pioneer Group,India,Contractor
V1248,Nova Corporation,Canada,Supplier
V1249,Future Services,International,Supplier
V1250,Advanced International,Japan,Supplier
V1251,Atlas Technologies,Netherlands,Supplier
V1252,Nova International,Canada,Supplier
V1253,Pioneer Group,Australia,Supplier
V1254,Universal Holdings,Singapore,Contractor
V1255,Elite Engineering,Spain,Supplier
V1256,Elite Technologies,Turkey,Contractor
V1257,Future Industries,International,Supplier
V1258,Advanced Logistics,India,Supplier
V1259,Pioneer Services,Turkey,Contractor
V1260,Infinity Holdings,International,Supplier
V1261,Pioneer Holdings,Australia,Contractor
V1262,Elite Technologies,Turkey,Contractor
V1263,Prime Technologies,International,Contractor
V1264,National Engineering,Netherlands,Contractor
V1265,Infinity Logistics,Singapore,Contractor
V1266,Advanced Engineering,Japan,Supplier
V1267,NextGen Technologies,Qatar,Supplier
V1268,Atlas Technologies,Singapore,Contractor
V1269,Vertex Technologies,UK,Supplier
V1270,Apex Enterprises,South Korea,Contractor
V1271,Nova Technologies,Spain,Supplier
V1272,NextGen Logistics,International,Contractor
V1273,Apex Holdings,France,Supplier
V1274,Vertex Enterprises,USA,Contractor
V1275,Pioneer Holdings,Japan,Supplier
V1276,Dynamic Systems,Malaysia,Contractor
V1277,United Services,India,Supplier
V1278,Atlas Logistics,Netherlands,Contractor
V1279,Advanced Solutions,India,Contractor
V1280,Dynamic Technologies,Qatar,Supplier
V1281,Vertex Corporation,France,Contractor
V1282,Elite International,South Korea,Supplier
V1283,Infinity Solutions,Spain,Supplier
V1284,Apex Solutions,France,Supplier
V1285,Advanced Solutions,UAE,Contractor
V1286,NextGen Enterprises,USA,Contractor
V1287,Dynamic Services,China,Contractor
V1288,Pioneer Services,India,Supplier
V1289,Elite Solutions,Saudi Arabia,Supplier
V1290,Pioneer Group,Netherlands,Supplier
V1291,Infinity International,Japan,Contractor
V1292,NextGen International,USA,Contractor
V1293,Atlas Industries,UAE,Supplier
V1294,Elite International,Malaysia,Supplier
V1295,Apex Enterprises,UAE,Supplier
V1296,Global Systems,Canada,Contractor
V1297,NextGen Engineering,Australia,Supplier
V1298,Vertex Corporation,India,Contractor
V1299,Nova Engineering,USA,Supplier
V1300,Pioneer Group,UK,Supplier
V1301,Infinity Services,Germany,Supplier
V1302,Elite Solutions,Turkey,Contractor
V1303,Dynamic Enterprises,Japan,Contractor
V1304,Pioneer Logistics,Australia,Contractor
V1305,Apex Solutions,Singapore,Supplier
V1306,NextGen International,USA,Contractor
V1307,National Technologies,Spain,Supplier
V1308,Vertex Enterprises,International,Supplier
V1309,Pioneer Group,International,Supplier
V1310,Atlas Logistics,Germany,Supplier
V1311,Future International,Canada,Supplier
V1312,Future Engineering,India,Supplier
V1313,United Engineering,Canada,Contractor
V1314,United Enterprises,Turkey,Contractor
V1315,Apex Group,UK,Supplier
V1316,Infinity Industries,Germany,Contractor
V1317,Pioneer Holdings,Malaysia,Supplier
V1318,Atlas Technologies,China,Contractor
V1319,Nova International,Saudi Arabia,Contractor
V1320,Advanced Technologies,India,Supplier
V1321,Atlas Services,Qatar,Supplier
V1322,Future Holdings,Spain,Contractor
V1323,National International,Qatar,Supplier
V1324,Global Industries,International,Supplier
V1325,Prime Technologies,International,Contractor
V1326,Universal Logistics,Netherlands,Contractor
V1327,Pioneer Engineering,Spain,Supplier
V1328,Vertex Engineering,China,Contractor
V1329,Nova Engineering,Qatar,Contractor
V1330,Vertex Technologies,Canada,Contractor
V1331,Dynamic Corporation,Qatar,Supplier
V1332,NextGen International,Spain,Supplier
V1333,Elite Corporation,Malaysia,Contractor
V1334,Pioneer Engineering,Italy,Supplier
V1335,Prime Logistics,Singapore,Supplier
V1336,Nova Engineering,Japan,Supplier
V1337,Atlas Engineering,Spain,Contractor
V1338,Nova International,UAE,Supplier
V1339,Future Industries,Canada,Supplier
V1340,Infinity Industries,Singapore,Contractor
V1341,Pioneer Systems,Japan,Supplier
V1342,NextGen Industries,UK,Contractor
V1343,Universal Services,Saudi Arabia,Contractor
V1344,Nova Solutions,South Korea,Supplier
V1345,Atlas Logistics,Germany,Supplier
V1346,Infinity Technologies,Australia,Supplier
V1347,National International,India,Supplier
V1348,Future Group,Netherlands,Supplier
V1349,NextGen Technologies,Germany,Contractor
V1350,Pioneer Holdings,Italy,Contractor
V1351,United Services,Australia,Contractor
V1352,Universal Services,International,Contractor
V1353,Global International,Singapore,Contractor
V1354,United Industries,India,Contractor
V1355,Apex Holdings,UK,Contractor
V1356,Dynamic Logistics,Italy,Contractor
V1357,United Engineering,UK,Contractor
V1358,United Systems,Canada,Supplier
V1359,Prime Group,South Korea,Supplier
V1360,Global Services,UAE,Supplier
V1361,Global Industries,Singapore,Supplier
V1362,Atlas Enterprises,Netherlands,Supplier
V1363,Pioneer Enterprises,USA,Contractor
V1364,Nova Services,Malaysia,Supplier
V1365,Vertex Solutions,India,Supplier
V1366,Atlas Engineering,Australia,Contractor
V1367,National Systems,Saudi Arabia,Supplier
V1368,Global Holdings,South Korea,Contractor
V1369,NextGen Technologies,Japan,Contractor
V1370,Atlas Group,South Korea,Contractor
V1371,Universal Systems,Malaysia,Contractor
V1372,Prime Solutions,Turkey,Supplier
V1373,Elite International,International,Supplier
V1374,Apex Corporation,Canada,Contractor
V1375,Universal Corporation,Canada,Supplier
V1376,Pioneer Solutions,Netherlands,Contractor
V1377,Prime Logistics,International,Contractor
V1378,Vertex Services,International,Contractor
V1379,Atlas Logistics,Singapore,Supplier
V1380,Universal Industries,India,Supplier
V1381,Prime Solutions,Saudi Arabia,Contractor
V1382,Infinity Technologies,Malaysia,Contractor
V1383,Dynamic Logistics,Germany,Supplier
V1384,Elite Systems,UK,Supplier
V1385,Universal Corporation,Spain,Contractor
V1386,Elite Corporation,Japan,Supplier
V1387,Atlas Enterprises,International,Contractor
V1388,Future Systems,USA,Contractor
V1389,Atlas Enterprises,Qatar,Contractor
V1390,Apex Systems,France,Contractor
V1391,Atlas Engineering,South Korea,Contractor
V1392,Infinity Engineering,China,Supplier
V1393,Apex International,Germany,Supplier
V1394,Infinity International,Malaysia,Contractor
V1395,Advanced International,China,Supplier
V1396,Advanced Industries,Italy,Supplier
V1397,United Solutions,Turkey,Contractor
V1398,Infinity Group,UAE,Contractor
V1399,NextGen Technologies,Germany,Contractor
V1400,Infinity Logistics,Germany,Supplier
V1401,Global Enterprises,International,Supplier
V1402,Prime Holdings,Qatar,Contractor
V1403,Advanced Services,Canada,Supplier
V1404,Pioneer Engineering,Malaysia,Supplier
V1405,Vertex Systems,Germany,Contractor
V1406,Nova Corporation,Netherlands,Contractor
V1407,Prime International,Spain,Contractor
V1408,Vertex Group,Turkey,Contractor
V1409,Atlas Holdings,Netherlands,Contractor
V1410,Dynamic Technologies,UAE,Supplier
V1411,United Enterprises,Japan,Contractor
V1412,Universal Systems,Malaysia,Supplier
V1413,Global Technologies,France,Contractor
V1414,Prime Corporation,Japan,Supplier
V1415,Global Holdings,USA,Supplier
V1416,Elite Logistics,USA,Supplier
V1417,Apex Industries,Italy,Supplier
V1418,United Group,France,Supplier
V1419,Advanced Industries,Canada,Supplier
V1420,Pioneer Services,USA,Contractor
V1421,Future Industries,Malaysia,Contractor
V1422,Atlas Solutions,UK,Contractor
V1423,Apex Enterprises,India,Supplier
V1424,Pioneer Technologies,Canada,Contractor
V1425,Elite Technologies,Japan,Contractor
V1426,Prime Technologies,Singapore,Supplier
V1427,Elite Technologies,Turkey,Contractor
V1428,National Logistics,Turkey,Supplier
V1429,NextGen Systems,China,Supplier
V1430,Prime Services,India,Contractor
V1431,National Group,UAE,Supplier
V1432,NextGen Industries,Italy,Supplier
V1433,Atlas Services,Australia,Supplier
V1434,Universal Engineering,UK,Supplier
V1435,Vertex Systems,Singapore,Contractor
V1436,Dynamic Solutions,France,Contractor
V1437,Future Logistics,UK,Supplier
V1438,Pioneer Logistics,USA,Contractor
V1439,Vertex Services,Italy,Contractor
V1440,National Services,International,Contractor
V1441,United International,China,Contractor
V1442,United Holdings,UK,Contractor
V1443,Dynamic Technologies,International,Contractor
V1444,Advanced Systems,Malaysia,Contractor
V1445,Future Solutions,International,Supplier
V1446,Dynamic Corporation,International,Supplier
V1447,Future Logistics,Saudi Arabia,Supplier
V1448,Apex Enterprises,Germany,Contractor
V1449,Universal Group,Netherlands,Contractor
V1450,United Systems,South Korea,Supplier
V1451,Global Systems,Japan,Supplier
V1452,Prime Group,UAE,Contractor
V1453,Global Technologies,International,Supplier
V1454,Future Holdings,Malaysia,Contractor
V1455,Future Enterprises,Japan,Supplier
V1456,Advanced Technologies,India,Contractor
V1457,Future Holdings,France,Contractor
V1458,NextGen Technologies,Singapore,Contractor
V1459,United Logistics,Germany,Supplier
V1460,Infinity Systems,Germany,Contractor
V1461,Future International,Canada,Contractor
V1462,Nova Group,Turkey,Supplier
V1463,Advanced Systems,Italy,Contractor
V1464,Atlas Technologies,Turkey,Contractor
V1465,Pioneer Industries,UAE,Supplier
V1466,Apex Logistics,USA,Supplier
V1467,Pioneer Engineering,Malaysia,Contractor
V1468,NextGen International,UK,Contractor
V1469,Advanced Technologies,International,Contractor
V1470,Universal Group,International,Contractor
V1471,Atlas Logistics,Saudi Arabia,Supplier
V1472,NextGen Logistics,Japan,Contractor
V1473,Vertex Logistics,UK,Contractor
V1474,Universal Logistics,UAE,Supplier
V1475,Nova Solutions,France,Contractor
V1476,Pioneer Enterprises,Canada,Supplier
V1477,Global Solutions,Singapore,Supplier
V1478,United Services,Canada,Supplier
V1479,Vertex Corporation,Spain,Contractor
V1480,Nova Corporation,Netherlands,Supplier
V1481,Future Technologies,Germany,Supplier
V1482,Universal Solutions,USA,Supplier
V1483,NextGen Systems,Qatar,Supplier
V1484,Prime Corporation,Netherlands,Contractor
V1485,Apex Holdings,Qatar,Contractor
V1486,National Systems,International,Supplier
V1487,Prime Logistics,Qatar,Supplier
V1488,Infinity Engineering,Singapore,Supplier
V1489,Atlas Holdings,Canada,Supplier
V1490,Prime Solutions,International,Contractor
V1491,Dynamic Industries,Malaysia,Supplier
V1492,Atlas Technologies,Canada,Contractor
V1493,Pioneer Holdings,Saudi Arabia,Supplier
V1494,Atlas Services,Japan,Contractor
V1495,Future Corporation,Italy,Supplier
V1496,Vertex International,Japan,Contractor
V1497,Infinity Group,Saudi Arabia,Supplier
V1498,Global Solutions,Turkey,Contractor
V1499,Dynamic Corporation,Netherlands,Supplier
V1500,Infinity Corporation,China,Contractor
